City, Country
New York, USA
Los Angeles, USA
Chicago, USA
London, UK
Paris, France
Berlin, Germany
Tokyo, Japan
Beijing, China
Sydney, Australia
Toronto, Canada
Mumbai, India
Cape Town, South Africa
Rio de Janeiro, Brazil
Moscow, Russia
Dubai, UAE
Stockholm, Sweden
Seoul, South Korea
Mexico City, Mexico
Amsterdam, Netherlands
Oslo, Norway
Hanoi, Vietnam
Bangkok, Thailand
Istanbul, Turkey
Buenos Aires, Argentina
Rome, Italy
Cairo, Egypt
Lagos, Nigeria
Auckland, New Zealand
Nairobi, Kenya
Barcelona, Spain
Athens, Greece
Dublin, Ireland
Zurich, Switzerland
Singapore, Singapore
Vienna, Austria
Hong Kong, China
Stockholm, Sweden
Berlin, Germany
Oslo, Norway
Copenhagen, Denmark
Lisbon, Portugal
Warsaw, Poland
Prague, Czech Republic
Budapest, Hungary
Brussels, Belgium
Helsinki, Finland
Seoul, South Korea
Tokyo, Japan
