Name,Email,Password
Hannah Nunez,brownmelissa@example.net,hQD_4Fud^%
Brenda Dixon,shane26@example.org,**Anq8MT2H
Alison Murphy,wilsonrichard@example.net,_fVJbI0q9S
Paula Ramirez,jcharles@example.com,8ZS6Equpl#
Cathy Romero,xtaylor@example.com,X8(6#7Sq7@
Patrick Marshall,vmorales@example.org,I(z&9F0iBO
Christian Collins,hhughes@example.org,L_28kOOaUJ
Amanda Watts,thomashodges@example.org,)40_dMLfnC
Monica Martinez,joshuahudson@example.net,6^CqzUma%p
Linda Jones,mckenzie92@example.com,*RXX7k2d4&
Sean Powers,careycarrie@example.com,YR7QTd1hv(
Stephen Williams,hartmansteven@example.com,)Y1BRL$nxy
Dr. Donald Davis PhD,mosescassandra@example.net,!5wlDCCgZ0
Blake Sullivan,swansonkirsten@example.net,)z&8Lscmku
Leslie Jimenez,emilymartin@example.org,!U56HIc(0M
Katie Phillips,danielrobinson@example.org,(idQOYIT7w
Hannah Hunt,bakermichael@example.com,+Wng7gNg35
Steve Sanchez,hdavis@example.net,@xi9DA!8*6
Shannon Martinez,craigbrooks@example.org,1hBCqp_L(u
Anna Baker,donaldkelley@example.com,hu&0A$2zUU
Heather Flowers,vanessaryan@example.com,!^%F0HMgfz
Kim Logan,wwheeler@example.com,#QyEHDx)s5
Beth Blanchard,anthonyfoster@example.net,^7r#W7FoDP
Daniel Harris,rcastillo@example.org,W_^V4NKZEc
Henry Crawford,eanderson@example.net,&t5OOtT)q_
Stacie Pierce,pittsleah@example.com,QL2RexHJp#
Victor Mcdonald,pjohnson@example.com,$0aSNNLe(b
Jeremiah Skinner,maryreed@example.com,QKlBoAgj*1
Crystal Allen,jasoningram@example.com,y#2XiFxo!+
Craig Underwood,michael46@example.com,5!GhsIyH$x
David Weaver,gibsoncraig@example.net,^wVO7xPi2&
David Terry,howardjamie@example.net,@9^FPArnH1
Nicholas Castillo,eric56@example.net,M6QQC9jb!9
Matthew Velasquez,umoore@example.com,O*X3hpZhrE
Donald Harris,bryan55@example.net,F703RwEt#g
Rachel Graves,ewilson@example.org,7pBFM3ni&R
Joshua Mathis,jessicaweiss@example.net,&aW1MXaNd&
Lauren Moran,grant20@example.net,G%2Jkyrruv
Larry Mueller,kaitlinkaiser@example.org,@3T!abmPmz
Daniel Mack,iconley@example.com,Wn7EeGrz*y
Larry Wilkinson,ocohen@example.com,CjAi^6Hkf1
Craig Holmes,cschultz@example.com,o20PeG(jf_
Michael Garrett,josephlowery@example.org,$CIUj3@u++
Beth Brown,wolfemily@example.org,!!3RZ#fCBe
Jeffrey Anderson,chase71@example.org,%0wcjDTavh
Todd Johnson,javier38@example.org,7eYqngzi&!
Jeffery Cunningham,jeremy61@example.com,942DliY2y$
Sherry Sullivan,robert51@example.com,S*5c$DDt2)
Tonya Walker,taylorbowers@example.net,^8V9k&ofGY
Chase Romero,pwilliams@example.net,&YW4YPXg#3
Stephen Harper,tinafarrell@example.org,%v1S91CidU
Danielle Moore PhD,kperez@example.org,+16DYz*72j
John Miller,harold51@example.com,@Y68Y^Fqx1
Timothy Williams,ywatson@example.org,_rGhVhYy7G
Ryan Hendrix,howellrenee@example.com,va5Hjy1K__
Nicole Lucas,catherinechapman@example.com,Bb9WsXww^y
Nicole Richardson,vincentward@example.net,@1W1AlGJZl
Jorge Jackson,mcbrideleah@example.com,TJ_Jb8mJ(7
Anthony George,terri16@example.com,eM^01Ekl6R
Kayla Allen,owilliams@example.com,e@f2TAkw3R
Cheryl Burns,strongsheryl@example.org,_9yIwyluzs
Laura Ward MD,katherinesmith@example.org,^3(B3tgjg6
Karina Baxter,smallsara@example.net,(@2v1Jw8GA
Wanda Thomas,anna60@example.com,EgpE&5Sj@L
Ronald Palmer,ralphayala@example.org,M&2cNicd9(
Melissa Garza,wgray@example.net,nnC06Xog$6
Melanie Santos,mfarmer@example.org,^ZQzuflji9
David Holmes,alexanderbrooks@example.com,fZ3qO7eb9$
Robin Garcia,maypeggy@example.org,&4KnW0S1!v
Amanda Allen,michelleellis@example.com,Z3GFIr2u*7
Danielle Newton,fwalker@example.org,NFr$2Fcn#4
David Serrano,richard32@example.org,qFL%llNs&1
Christopher Green,nicholasbennett@example.net,#3ZsAjZy#M
Christine Edwards,sarahflores@example.org,+07ZLWxj%4
Roberto Singh,sueross@example.net,ed0JdKR+@8
Stephen Brown,gregoryhubbard@example.com,0r+eGF)s#d
Andrea Robinson,mercadotina@example.org,deS7KVGb&@
Jose Brown,mcdonaldgina@example.org,xuC4dASo^p
Douglas Jackson,bpowell@example.com,Z5NONoGm!5
Amber Alvarez,stephaniefernandez@example.com,*1vJ8QuJ*l
Allison Taylor,qwilliams@example.org,8vxo3NoG5#
Lori Crosby,judithterry@example.com,nk6!3J$wr$
Mary Wade,baileywebster@example.net,W21GcL5gr_
Dawn Stout MD,taylor19@example.net,)pk7T1wcT1
Denise Hill,delgadonatasha@example.net,*52GKDSaiM
Rachel Mason,lmarsh@example.net,!Km1@UKt)1
Jeffrey Johnston,johncarson@example.org,gchK4Y5t*6
Mary Neal,courtney50@example.net,I+7RT!S#No
Julia Hayden,kjordan@example.org,5@LT5O3f)9
Nicholas Hansen,amandalester@example.com,K3V^ecgn&o
Robert Alvarez,david39@example.org,@)@TOWdWh3
Brian Carter,adelacruz@example.com,k6wY0RKS_u
Rachael Hayes,williamowens@example.net,0$Up+2$I$8
Robert White,ncollins@example.org,U0%H7Poi!0
Melanie Stafford,flemingjohn@example.com,a1dtPCsx)U
Cynthia Watts,yfrey@example.com,G!Y17Oyvcj
Donna Morrison,cjohnson@example.org,4317LCMa(G
Sophia Page,amandapadilla@example.net,@3WDKbgG#s
Michael Bowers,xhall@example.org,D(!4YEmb_k
Richard Sharp,robert94@example.com,91QKu1s4$6
